first_name,last_name,preferred_name,password,physical_id_num,dob,role,email_address
duyahydxny,fopqnwokoh,inpfn,cjuxxgmh,e674acf1-0115-4a6d-8841-283a4c6d47ca,5/31/1991,student,duyahydxny.fopqnwokoh@schoolmail.com
sgbcqens,sgrzt,kmqoxbm,iprnrffh,231ffee5-a51d-4207-9f9e-6f1c7993829e,12/9/2016,teacher,sgbcqens.sgrzt@schoolmail.com
jmuaqgam,ckgpiq,elahpxek,oaka,f5d09d3d-b51d-4133-ada7-fd9dc3c260a7,4/23/1995,student,jmuaqgam.ckgpiq@schoolmail.com
gyhhlqg,fhdogvsi,akq,xnzodoc,a807c5a5-b20d-4a45-a137-af1467ae90d7,2/8/2007,student,gyhhlqg.fhdogvsi@schoolmail.com
ldjbntxnx,ecfw,fmsogqqe,xcspkhwe,c1a44528-6a01-463a-bc99-6c596d2cdca9,6/16/1997,student,ldjbntxnx.ecfw@schoolmail.com
nuiovuwpnx,ocec,rubsmmb,adzbxwnj,e4fad44f-c948-4752-8d13-0c431d8639a8,2/5/2003,teacher,nuiovuwpnx.ocec@schoolmail.com
kfuyako,ppqbzbqpzc,jbv,qwoczi,c1d78c8a-6b50-4340-ad10-8dfd0eb80072,10/3/2007,student,kfuyako.ppqbzbqpzc@schoolmail.com
pntczamp,pws,gmcwczxob,jjjnkhrpt,30d54ffd-015e-4a6c-8b6c-52df90eef7e6,11/7/2007,student,pntczamp.pws@schoolmail.com
kcxpdhhp,tyw,yisyga,youno,6c505410-8983-4041-896c-ac1eb7e7e8e8,5/20/1986,student,kcxpdhhp.tyw@schoolmail.com
hncwrlww,kttchnbnw,rzf,perxcoqet,eb902573-d5a1-4221-a0a7-542156d9618d,5/11/1977,student,hncwrlww.kttchnbnw@schoolmail.com
dwawo,dubedisd,jmmia,hpmwe,109c808b-266c-4dd2-8b0a-beecd3541b9d,6/16/2003,teacher,dwawo.dubedisd@schoolmail.com
jscoz,rfmdhlufi,sxcwo,vkqtjzedcn,aaf467bc-7f0a-4179-b1ad-ef2eb2784450,4/15/1974,student,jscoz.rfmdhlufi@schoolmail.com
jqpoestkm,glxdbh,ubix,ybsdfa,f9a65baf-13cd-47b4-9434-4f26fefd1bc5,6/10/2001,teacher,jqpoestkm.glxdbh@schoolmail.com
lgjyi,mfhcukcu,evpmmecl,zavq,85bf750d-fe3d-4f8c-9fc5-1d2733d1b83c,1/15/2006,teacher,lgjyi.mfhcukcu@schoolmail.com
qwsqmxf,hdu,oukshc,gprgjycq,148be138-b8cd-4dbd-88f6-bf4e46761c18,2/27/1976,teacher,qwsqmxf.hdu@schoolmail.com
ybyfhuo,rbahom,vchwzj,qaqg,04058032-bd1b-443d-9a33-6e57c1477e76,3/4/2013,teacher,ybyfhuo.rbahom@schoolmail.com
vhcjomdxai,oobzkvma,vqlhtn,iomdoka,474b4782-5936-4d17-a35f-dbc154b3ddcd,8/21/1992,teacher,vhcjomdxai.oobzkvma@schoolmail.com
gpkvw,wovmmyrxp,ydmffno,oifmouotm,cc1e9db7-ecec-4d83-9b1b-e68793f07240,10/2/2020,student,gpkvw.wovmmyrxp@schoolmail.com
igrjpxrnou,aulh,izwneu,vqsdjqu,b0b725a3-f794-4a2f-8f00-b8e31365056b,11/15/1960,teacher,igrjpxrnou.aulh@schoolmail.com
lvhdtqsxp,cljod,xipqcqt,jsopgqysm,b07b4ce8-44a4-4b87-bf8c-ada5092722ec,9/10/2008,teacher,lvhdtqsxp.cljod@schoolmail.com
iwewc,rmkgsc,tfdinfs,inb,0d3d5cac-32a7-4a65-9a7b-798395f748b0,9/14/1962,student,iwewc.rmkgsc@schoolmail.com
gcawfjaqwu,oavhodps,izdaaikdcy,ogaewh,41997b80-fb3d-4ea1-8050-020b19d80338,2/19/1962,teacher,gcawfjaqwu.oavhodps@schoolmail.com
ukicgfok,lkushxt,kflpi,hzdscoz,05d68756-cb12-4a97-a1d4-c621a9617a25,4/6/1967,student,ukicgfok.lkushxt@schoolmail.com
tjyfdydwj,hoq,wnaqsh,dvklghii,b7cf7d04-2542-477a-893f-cb4848dc9fc8,3/16/1966,teacher,tjyfdydwj.hoq@schoolmail.com
cyccasgk,plsvbkrh,fqhcsshhe,tlwb,566e2620-7c2c-4c8a-a6b6-f8f87bafdb3d,4/19/1992,teacher,cyccasgk.plsvbkrh@schoolmail.com
bpteavqajw,eqkryan,ulwlnftdyh,mjr,0fdfdd40-24ae-4201-b7b2-a42dd3d057bc,2/28/1984,student,bpteavqajw.eqkryan@schoolmail.com
zvohlnynp,wefp,aeaz,jawucuuuc,28586fda-c7ce-4362-9281-49b2cdd9d014,12/29/1966,student,zvohlnynp.wefp@schoolmail.com
thudr,rpoiksn,mugyqzdu,abijnxuqy,3ba8f4c7-c52f-4484-aa83-b8e00a790a0a,11/19/2007,teacher,thudr.rpoiksn@schoolmail.com
ekqukmgx,iviac,mdltnktvn,gzmkqcwazf,597a36d7-5a52-4c1c-a3f1-5152049fe333,12/15/1977,teacher,ekqukmgx.iviac@schoolmail.com
mxibqzcpk,zzyi,dxxcrb,ipkv,85ee4d93-e386-4fc2-b012-47acf59da7b9,4/15/1970,student,mxibqzcpk.zzyi@schoolmail.com
cbgsrmr,bqvpm,ptc,qtlpm,cb0693ee-88e3-484c-966d-975458719975,7/28/2018,teacher,cbgsrmr.bqvpm@schoolmail.com
ionboyhe,xusgx,awqsrnuhhn,ojtw,2733ae06-d428-4b60-b336-37bf42eb27eb,12/26/2006,teacher,ionboyhe.xusgx@schoolmail.com
umdrkepb,emzxdolgk,tlqhkviib,jclychlhf,b3affa6b-a5d6-4c00-bb6c-4a401142112b,3/13/2012,student,umdrkepb.emzxdolgk@schoolmail.com
wnfqeoczet,yornpjlbj,zyfluxhc,kjmytbu,98522bc7-e1c2-4b45-aa28-df08023a2637,7/6/2016,student,wnfqeoczet.yornpjlbj@schoolmail.com
hzsna,obdxdtv,fjtnlbqk,yimcyhkh,2801a6f7-4bf2-4c18-96c3-52dbb097aa46,5/13/2008,student,hzsna.obdxdtv@schoolmail.com
rqyeaq,bmvls,flxnsf,ckug,22cc0f32-c77b-41e7-b647-5c9c05ad229c,2/4/1998,student,rqyeaq.bmvls@schoolmail.com
ryavpykusi,nkd,byf,yubfpckhde,7da63466-a9ea-451e-81ed-a7d8cab57e7c,9/25/1968,student,ryavpykusi.nkd@schoolmail.com
tcirpuqc,spaopuulv,tvjheyiiv,enrztbbrxj,e650dc18-2523-4867-a48c-23c29037b56e,1/29/1967,student,tcirpuqc.spaopuulv@schoolmail.com
nfcikearjh,pqftxammtx,soenbhub,oqzmzhzv,b9b99047-a0cf-4d49-9b41-cc318dc94729,5/21/2015,student,nfcikearjh.pqftxammtx@schoolmail.com
nzcipmds,gvhnkhw,dmixa,fqqelmk,f1866f1f-d902-477b-94ed-c5cee83e8eb7,8/4/1979,student,nzcipmds.gvhnkhw@schoolmail.com
npnrpsytnw,msgmg,bibcu,dcsivl,8dbdfdc9-e092-4dd2-8564-a51f896a50f7,9/30/1980,teacher,npnrpsytnw.msgmg@schoolmail.com
tgasda,ofkbkp,kufwx,sov,63a7bf41-fea9-41ea-b9c6-69b6e8ec8cd4,6/9/2017,student,tgasda.ofkbkp@schoolmail.com
puogpykej,pcsk,ukbq,nrqfhcqp,5a09a473-8ff6-4278-b8b0-0a58e26656dc,8/8/1977,student,puogpykej.pcsk@schoolmail.com
chggii,ngtxenqpp,wtlucamqo,pkxmccvjdr,c79c20e7-6cb6-4e48-b4ed-b26b1cf299cf,10/27/2001,student,chggii.ngtxenqpp@schoolmail.com
mjzcrzcs,pugw,gwntlk,dnmjvi,ee4f7a3f-a6e0-4e2b-84dd-d9ffffaab66c,10/16/2003,student,mjzcrzcs.pugw@schoolmail.com
ukqagehzp,fyqhw,uzahkvhcrw,yezjb,529d58c4-8454-41c2-aaee-cf657beee0ac,11/12/2010,teacher,ukqagehzp.fyqhw@schoolmail.com
hjtbj,hkd,chzzbpj,vjqicdtu,b55d1445-c5c6-469c-88fe-33da42f37203,10/9/1980,teacher,hjtbj.hkd@schoolmail.com
geuxbhp,nqotvrjrc,hunmjpvdi,nothc,403b94fa-99e2-47a6-b349-61c86cedf13c,2/8/1988,student,geuxbhp.nqotvrjrc@schoolmail.com
ijmpd,wbrrh,mmxq,pdgg,ee4db225-de2b-4504-bcee-5b37b45c45f4,9/10/1987,teacher,ijmpd.wbrrh@schoolmail.com
naxypfnzvx,vscf,ifpqgpz,gcgsxyr,c9822916-ab35-4821-b02b-a3e7021ae29a,7/23/2002,student,naxypfnzvx.vscf@schoolmail.com
erkvhs,cklmrn,caho,jzeiawp,25e88123-1ceb-4d3e-a032-b7523d7199a2,3/21/1987,student,erkvhs.cklmrn@schoolmail.com
xbzen,ahaevzhc,cikixpca,zmq,8140ce6b-1b90-42c5-bcb9-25d10faf97a5,5/19/1981,student,xbzen.ahaevzhc@schoolmail.com
rtmtxanoz,plaqz,cyojsfu,nzy,d8127384-79e6-4420-8551-f3bef00d3ac1,10/4/1966,student,rtmtxanoz.plaqz@schoolmail.com
ntxuwwet,furowqh,ichxcucccm,kbsj,1f1ecfb3-3dc7-4a5e-8736-a20ff23c1771,5/25/1970,teacher,ntxuwwet.furowqh@schoolmail.com
uaitqulq,hecbw,uvkddo,dwjtgmla,4976a3ce-ecf2-41d2-9b7f-40b3a0e412aa,5/11/2003,teacher,uaitqulq.hecbw@schoolmail.com
flgrxvd,woa,ggvwgoe,zedhyzl,790a5e8d-1fd7-4487-8e25-4886e7809849,11/13/2018,student,flgrxvd.woa@schoolmail.com
qaswbjoubx,vbbqosuug,gagodzefk,foqhszey,364593ef-b65f-420f-a725-fc775afe2400,9/10/2000,student,qaswbjoubx.vbbqosuug@schoolmail.com
ppkfr,eangspvtgh,rsdbzazuev,qktccdun,b83e5ca0-40e5-4e1a-942c-2306486fb382,12/6/1964,teacher,ppkfr.eangspvtgh@schoolmail.com
ceojotujqm,umoxjrma,fxemdq,qbhqhvzk,079bc8d5-e17e-4c99-a4c6-1f3bccf19295,11/22/1996,teacher,ceojotujqm.umoxjrma@schoolmail.com
rmuzvv,vrmbnenup,dypfl,ysu,845f7d29-5140-4ca1-a1fe-eee5b543890f,9/18/2015,teacher,rmuzvv.vrmbnenup@schoolmail.com
jwaowqjpyg,skdt,ukwhy,jita,84ceb942-a4d1-4763-9422-0d08f4fd77dc,6/5/1998,teacher,jwaowqjpyg.skdt@schoolmail.com
lobqjcvn,rvzbxsinsc,xkgljl,givdimydwb,b2911453-0dfd-4e84-b0cc-639debd00d16,9/27/1996,teacher,lobqjcvn.rvzbxsinsc@schoolmail.com
noiie,pmxlzjclrk,yfwxdcq,qsjdu,74950e11-e077-49fc-ab38-73bc0da678bb,12/31/1962,teacher,noiie.pmxlzjclrk@schoolmail.com
lwmlyps,bqgzenovnb,oyvjkatui,lacins,5d99babe-6702-4d22-b418-13782c880c75,12/26/1980,student,lwmlyps.bqgzenovnb@schoolmail.com
ehouwe,bcuzmhpyz,kdbadkrsa,camruskcyz,bcdde5b8-1418-445b-a53d-3c34898948fa,2/27/2014,student,ehouwe.bcuzmhpyz@schoolmail.com
fieshhe,osacbul,qore,bmwtr,c28ba82c-e494-4881-8c04-ae5a38d2a636,12/16/1989,student,fieshhe.osacbul@schoolmail.com
ciehxywxab,dxzqisd,jgaxrxd,fnonzpmsvf,59ca660b-b288-4cbe-9c34-8a06475b1422,9/24/1987,student,ciehxywxab.dxzqisd@schoolmail.com
bplnkn,vireiggg,upmsyxvspc,ykwlnhi,28bb975a-4d0a-4c4d-8de1-86bd6f32c475,2/26/2016,teacher,bplnkn.vireiggg@schoolmail.com
hlpsj,txoc,vcf,pdth,6e6eea43-69fa-49e0-a23e-8cdee6ef01f2,4/22/1965,student,hlpsj.txoc@schoolmail.com
spfuxc,gwsm,qbbbtbrlqu,uohmqdotjo,4dd4ee4f-54dd-43d5-bbed-8a7324ffd0dc,7/26/1997,student,spfuxc.gwsm@schoolmail.com
yditasyomc,xkuhsz,elodx,rhys,7506ad2b-7c38-4514-963e-b2033cea8602,1/24/2018,student,yditasyomc.xkuhsz@schoolmail.com
vmecvrv,ynfohi,iotgwtlowd,vskeiidtbm,5abd18b8-63b7-4c36-abd1-ee142ae92837,3/13/1972,teacher,vmecvrv.ynfohi@schoolmail.com
wuoodxwc,fwwo,ziifyrzryc,wdcc,1f82dce2-09e0-4dc7-978f-2ba69a05c362,5/13/1983,teacher,wuoodxwc.fwwo@schoolmail.com
wkrnehycra,zshn,xzyqgqhcs,bpqd,9d6aed1a-a47f-4425-b58e-e443b0b15fa0,10/27/2005,student,wkrnehycra.zshn@schoolmail.com
mznnw,pledownio,kgkrslmswe,mlnsytjacv,edde5ac6-780b-4b9a-8a60-0e626433f2f4,6/2/1970,teacher,mznnw.pledownio@schoolmail.com
lhrch,ovscl,iuuqwyckid,qnhzqdzhke,79f8db27-6c60-4caf-b8a1-e1d1dcd4eea3,6/9/2008,teacher,lhrch.ovscl@schoolmail.com
fpcwfpkzt,pdd,couqihwm,hfwz,3b66d66c-8f7d-45d3-83b9-065cb8837b98,6/25/2006,student,fpcwfpkzt.pdd@schoolmail.com
oyuqyhix,pddv,jstutshlme,oesngbxclc,a5b710f6-4912-44f1-b8a6-fc18ee64404b,4/16/1987,student,oyuqyhix.pddv@schoolmail.com
ikjjrvjx,cekforyfjv,sghj,muezituiuf,4fbc34ab-9b97-46bf-90c6-5fc162d3a494,8/18/1997,teacher,ikjjrvjx.cekforyfjv@schoolmail.com
ybczwtubqr,rkamv,apssnq,mrrmfky,ec109163-3af0-4e61-9fd9-833148d5ca0a,4/12/2018,student,ybczwtubqr.rkamv@schoolmail.com
yiihimng,aupwtvfzmr,diuadwzb,phfskcng,c180a32a-7b95-4b3c-b0c6-40a9f5f078ae,3/17/1974,teacher,yiihimng.aupwtvfzmr@schoolmail.com
jyqxgjpp,dkfdvmgsso,ljoip,eaebrtgfyc,baac02ab-9b48-497b-b2b7-c0d1cefdae56,9/26/1993,teacher,jyqxgjpp.dkfdvmgsso@schoolmail.com
bqrqr,plvolbmu,yxmr,oyhblmovt,eb17acbb-a8d8-4f92-b1b4-26d84e319502,1/24/2012,teacher,bqrqr.plvolbmu@schoolmail.com
gyvcfpyo,ajujtyspkw,jiuaw,thxxm,90b4ba6a-b686-4589-927b-7c8721400c0b,6/17/1987,student,gyvcfpyo.ajujtyspkw@schoolmail.com
ldyuouk,vnej,lyxtggepeq,cxysvn,90bcacf9-0ef9-4040-a801-1e6fa023dcd9,7/9/1979,student,ldyuouk.vnej@schoolmail.com
yqnyzohcyg,ymkpimopgs,lotdhotkw,cjpar,158d7c0c-24ae-4e60-bf56-cc61ddbab435,11/5/2002,teacher,yqnyzohcyg.ymkpimopgs@schoolmail.com
vlalmmdpup,iycorrsa,pfeumawcb,iihykjggfw,a4034422-d19b-4d5a-8ad2-9f40a95f50f0,2/26/1999,teacher,vlalmmdpup.iycorrsa@schoolmail.com
qeyyee,vnib,qataiftqv,qfbs,d122c606-a6fb-43bf-8250-84e325e6c381,8/23/2009,student,qeyyee.vnib@schoolmail.com
dqwnyug,dhkugy,hvckroo,onkfph,92137cdc-2680-44b8-897d-4f9f2307a4cd,11/4/1971,student,dqwnyug.dhkugy@schoolmail.com
nedmsei,bsxgzzvhgx,lpio,frn,cba6ff05-d767-4328-89fa-3ac8a9fddc76,5/1/1970,student,nedmsei.bsxgzzvhgx@schoolmail.com
qrqzvufsr,iueifzqsk,htumrgspv,lxu,7fa76279-0026-45c2-9d50-31ad39df015b,1/14/1968,student,qrqzvufsr.iueifzqsk@schoolmail.com
xdxxefvi,tjigpt,algvnguh,weqnxa,b0a7255d-3ad9-49d6-934c-83e7ac1a70da,4/24/1979,student,xdxxefvi.tjigpt@schoolmail.com
jrbfy,nzexos,iov,zltbcbuqvf,9d84a8fe-32b4-453d-9d89-57e35ad8f694,7/5/2010,teacher,jrbfy.nzexos@schoolmail.com
fivnjqwcja,fyvu,ajuwh,dfdbx,917ef021-4b0c-41d6-9800-7b8c4e278796,10/25/2009,student,fivnjqwcja.fyvu@schoolmail.com
zrzfripyh,tzsfqskqj,ztcn,ddils,6626e1bb-0744-43cb-9199-a64b874c6106,4/5/2001,student,zrzfripyh.tzsfqskqj@schoolmail.com
gcxobmhlg,xomgu,iquvcbo,jzzduij,ddb43ccf-12e4-45d6-8f6a-5ecdd6c815e9,9/28/2003,teacher,gcxobmhlg.xomgu@schoolmail.com
zonsvg,mbsqtvt,mffzyvuv,ecsmcix,0fde5d19-442c-4187-846f-b00832aef482,12/30/2013,student,zonsvg.mbsqtvt@schoolmail.com
vytvzvi,icjwbrolbp,vdqdkdw,jutrucddo,9172903d-e951-43e0-a992-a716c7c24059,9/29/2017,teacher,vytvzvi.icjwbrolbp@schoolmail.com
jdsvod,mhvdws,zisbsxlakg,zhd,961adcd0-7d0d-420c-a7c0-721af51c34bf,8/1/2020,student,jdsvod.mhvdws@schoolmail.com
rjemq,whl,xdszixg,yira,6458c172-818b-43b6-bf93-57ae71b9a7db,2/6/1992,teacher,rjemq.whl@schoolmail.com
